"Quick500K","Comb500K","Merge500K"
"150","150","150"
"165","165","165"
"167","167","167"
"167","167","167"
"168","168","168"
"170","170","170"
"170","170","170"
"171","171","171"
"171","171","171"
"172","172","172"
"172","172","172"
"172","172","172"
"172","172","172"
"172","172","172"
"173","173","173"
"174","174","174"
"174","174","174"
"174","174","174"
"175","175","175"
"175","175","175"
"176","176","176"
"176","176","176"
"177","177","177"
"177","177","177"
"177","177","177"
"177","177","177"
"178","178","178"
"178","178","178"
"179","179","179"
"181","181","181"
"181","181","181"
"181","181","181"
"182","182","182"
"182","182","182"
"183","183","183"
"183","183","183"
"185","185","185"
"186","186","186"
"187","187","187"
"190","190","190"
"190","190","190"
"192","192","192"
"193","193","193"
"198","198","198"
"199","199","199"
"202","202","202"
"203","203","203"
"213","213","213"
"280","280","280"
"328","328","328"
